Site;Página;Indicador;Tipo;Texto atual
ESI;Layout (global);1.1;meta-title;"ESI Exata | Segurança, CFTV e IA para Varejo, Portos e Indústria"
ESI;Layout (global);1.2;meta-description;"20 anos integrando câmeras, inteligência artificial e detecção térmica para eliminar perdas. Soluções sob medida para varejo, portos, energia, agronegócio e healthcare."
ESI;Layout (global);1.3;schema-name;"ESI Exata"
ESI;Layout (global);1.4;schema-description;"20 anos integrando câmeras, inteligência artificial e detecção térmica para eliminar perdas em varejo, portos, energia, agronegócio e healthcare."
ESI;Layout (global);1.5;schema-endereco;"R. Jorge B. Crocetti, 231, Curitiba, PR, 82800-080"
ESI;Layout (global);1.6;schema-telefone;"+55-41-3527-7007"
ESI;Layout (global);1.7;schema-email;"contato@esiexata.com.br"
ESI;Header;1.8;nav-link;"Setores"
ESI;Header;1.9;nav-link;"Soluções"
ESI;Header;1.10;nav-link;"Cases"
ESI;Header;1.11;nav-link;"P&D"
ESI;Header;1.12;nav-link;"Contato"
ESI;Header;1.13;cta-button;"Fale com um especialista"
ESI;Sub-brands bar;1.14;label;"GRUPO ESI · MATRIZ CURITIBA PR · FILIAL AGRO SINOP MT"
ESI;Sub-brands bar;1.15;pill;"esi|exata"
ESI;Sub-brands bar;1.16;pill;"esi|agro"
ESI;Sub-brands bar;1.17;pill;"esi|p&d"
ESI;Sub-brands bar;1.18;pill;"esi|store"
ESI;Footer;1.19;tagline;"Soluções de segurança inteligente para os setores mais exigentes do Brasil."
ESI;Footer;1.20;link-group;"Monitoramento por Vídeo"
ESI;Footer;1.21;link-group;"Câmeras Térmicas & Laser"
ESI;Footer;1.22;link-group;"Inteligência Artificial"
ESI;Footer;1.23;link-group;"Câmera Microfônica"
ESI;Footer;1.24;link-group;"Bodycam"
ESI;Footer;1.25;link-group;"Integra"
ESI;Footer;1.26;link-group;"Varejo"
ESI;Footer;1.27;link-group;"Portos"
ESI;Footer;1.28;link-group;"Energia"
ESI;Footer;1.29;link-group;"Agronegócio"
ESI;Footer;1.30;link-group;"Healthcare"
ESI;Footer;1.31;link-group;"Sobre a ESI Exata"
ESI;Footer;1.32;link-group;"Cases"
ESI;Footer;1.33;link-group;"P&D"
ESI;Footer;1.34;link-group;"ESI Store"
ESI;Footer;1.35;contato;"contato@esiexata.com.br"
ESI;Footer;1.36;contato;"(41) 3527 7007"
ESI;Footer;1.37;contato;"R. Jorge B. Crocetti, 231 — Curitiba – PR"
ESI;Footer;1.38;legal;"© 2026 ESI Exata. Todos os direitos reservados."
ESI;Footer;1.39;legal;"Política de Privacidade"
ESI;Footer;1.40;legal;"Termos de Uso"
ESI;Cookie Consent;1.41;body;"Usamos cookies para análise de tráfego e personalização de anúncios. Ao aceitar, você concorda com nossa Política de Privacidade, conforme a LGPD (Lei 13.709/2018)."
ESI;Cookie Consent;1.42;button;"Recusar"
ESI;Cookie Consent;1.43;button;"Aceitar cookies"
ESI;Home — Hero;2.1;badge;"C&A · Riachuelo · Atacadão · Assaí · Santos Brasil · Porto de Chibatão · Edge Gas · IMPASA · ILS Agro"
ESI;Home — Hero;2.2;heading;"Segurança evita problemas antes deles acontecerem."
ESI;Home — Hero;2.3;subheading;"A engenharia de imagem, detecção térmica e prevenção de perdas por trás das maiores operações de varejo, porto, energia e agro do Brasil. Há 21 anos."
ESI;Home — Hero;2.4;cta-primary;"Quero um diagnóstico"
ESI;Home — Hero;2.5;cta-secondary;"Comprar na ESI Store"
ESI;Home — Hero;2.6;stat-numero;"21+"
ESI;Home — Hero;2.7;stat-label;"anos de operação"
ESI;Home — Hero;2.8;stat-detalhe;"Desde 2004"
ESI;Home — Hero;2.9;stat-numero;"1.170+"
ESI;Home — Hero;2.10;stat-label;"unidades varejo"
ESI;Home — Hero;2.11;stat-detalhe;"Grandes redes nacionais"
ESI;Home — Hero;2.12;stat-numero;"5"
ESI;Home — Hero;2.13;stat-label;"centros logísticos"
ESI;Home — Hero;2.14;stat-detalhe;"Distribuição nacional"
ESI;Home — Hero;2.15;stat-numero;"2"
ESI;Home — Hero;2.16;stat-label;"portos atendidos"
ESI;Home — Hero;2.17;stat-detalhe;"Santos · Chibatão"
ESI;Home — Clientes;2.18;heading;"Empresas que confiam na ESI Exata"
ESI;Home — Clientes;2.19;sub;"Grandes marcas de diferentes setores escolheram a ESI Exata como parceira tecnológica."
ESI;Home — Clientes;2.20;cliente;"Carrefour (Varejo)"
ESI;Home — Clientes;2.21;cliente;"Atacadão (Varejo)"
ESI;Home — Clientes;2.22;cliente;"Assaí (Varejo)"
ESI;Home — Clientes;2.23;cliente;"Santos Brasil (Portuário)"
ESI;Home — Clientes;2.24;cliente;"Porto de Chibatão (Portuário)"
ESI;Home — Clientes;2.25;cliente;"Edge Gas (Energia)"
ESI;Home — Clientes;2.26;cliente;"Inpasa (Agronegócio)"
ESI;Home — Clientes;2.27;cliente;"C&A (Varejo)"
ESI;Home — Agro Spotlight;2.28;kicker;"★ FILIAL ESPECIALIZADA"
ESI;Home — Agro Spotlight;2.29;heading;"É do agro? Vai direto pra ESI Agro."
ESI;Home — Agro Spotlight;2.30;body;"Filial em Sinop/MT com soluções dedicadas: totem autônomo, unidade móvel, IA treinada pro campo."
ESI;Home — Agro Spotlight;2.31;button;"Conhecer ESI Agro →"
ESI;Home — Editorial;2.32;kicker;"@ESI_EXATA"
ESI;Home — Editorial;2.33;heading;"Tecnologia que opera onde outros não chegam."
ESI;Home — Editorial;2.34;quote;"Segurança evita problemas antes deles acontecerem."
ESI;Home — Editorial;2.35;quote-label;"Comunicação em Campo"
ESI;Home — Editorial;2.36;quote;"Prevenir é melhor que remediar."
ESI;Home — Editorial;2.37;quote-label;"Monitoramento de Infraestrutura"
ESI;Home — Editorial;2.38;quote;"Não é luxo. É proteção."
ESI;Home — Editorial;2.39;quote-label;"Instalação em Altura"
ESI;Home — Editorial;2.40;quote;"Incidentes mancham reputações."
ESI;Home — Editorial;2.41;quote;"Segurança inteligente age antes."
ESI;Home — Editorial;2.42;quote;"Veja tudo. Controle tudo."
ESI;Home — Setores;2.43;kicker;"SETORES"
ESI;Home — Setores;2.44;heading;"Soluções específicas para os desafios de cada setor."
ESI;Home — Setores;2.45;sub;"Cada mercado tem sua complexidade. Nossos sistemas foram desenvolvidos para cada realidade operacional."
ESI;Home — Setores;2.46;setor-titulo;"Varejo"
ESI;Home — Setores;2.47;setor-badge;"Eixo principal · Grandes redes"
ESI;Home — Setores;2.48;setor-subtitulo;"Prevenção de perdas em escala nacional."
ESI;Home — Setores;2.49;setor-descricao;"CFTV integrado com analítico e controle de acesso em centenas de lojas. Operação padronizada, centralizada e auditável — do hipermercado ao centro de distribuição."
ESI;Home — Setores;2.50;setor-clientes;"Assaí, Atacadão, C&A, Riachuelo"
ESI;Home — Setores;2.51;setor-titulo;"Portuário"
ESI;Home — Setores;2.52;setor-badge;"Ambientes de missão crítica"
ESI;Home — Setores;2.53;setor-subtitulo;"Quando parar não é opção."
ESI;Home — Setores;2.54;setor-descricao;"Imagem em ambiente salino, controle de pátio e vistoria de containers com câmeras térmicas e laser. Operação ininterrupta certificada, cobertura 24/7."
ESI;Home — Setores;2.55;setor-clientes;"Santos Brasil, Porto de Chibatão"
ESI;Home — Setores;2.56;setor-titulo;"Energia & Gás"
ESI;Home — Setores;2.57;setor-badge;"Detecção precoce"
ESI;Home — Setores;2.58;setor-subtitulo;"Ver o invisível antes que ele vaze."
ESI;Home — Setores;2.59;setor-descricao;"Detecção laser de partículas explosivas e câmeras EX para ambientes classificados."
ESI;Home — Setores;2.60;setor-clientes;"Edge Gas"
ESI;Home — Setores;2.61;setor-titulo;"Agronegócio"
ESI;Home — Setores;2.62;setor-badge;"Filial ESI Agro · Sinop MT"
ESI;Home — Setores;2.63;setor-subtitulo;"Engenharia no coração do campo."
ESI;Home — Setores;2.64;setor-descricao;"Vigilância de silos e cerealistas com câmeras térmicas, IA embarcada em áreas abertas. Time dedicado instalado em Sinop."
ESI;Home — Setores;2.65;setor-clientes;"IMPASA, ILS Agro"
ESI;Home — Setores;2.66;setor-titulo;"Healthcare"
ESI;Home — Setores;2.67;setor-badge;"Linha nova · 2025"
ESI;Home — Setores;2.68;setor-subtitulo;"Cuidado que respeita a dignidade."
ESI;Home — Setores;2.69;setor-descricao;"Sensores de detecção de queda para ILPI e home care. Monitoramento não-invasivo de quartos — alerta em segundos, sem câmera no ambiente privado."
ESI;Home — Setores;2.70;setor-nota;"Em expansão"
ESI;Home — Soluções;2.71;kicker;"SOLUÇÕES"
ESI;Home — Soluções;2.72;heading;"Tecnologia integrada do sensor ao dashboard."
ESI;Home — Soluções;2.73;sub;"Hardware de ponta, software proprietário e IA embarcada — tudo sob uma arquitetura unificada de segurança e gestão operacional."
ESI;Home — Soluções;2.74;card-tag;"VÍDEO"
ESI;Home — Soluções;2.75;card-titulo;"Monitoramento por Vídeo"
ESI;Home — Soluções;2.76;card-descricao;"Câmeras analíticas de alta resolução com IA embarcada. Detecção de comportamentos suspeitos, contagem de pessoas, análise de fluxo e alertas automáticos em tempo real."
ESI;Home — Soluções;2.77;card-feature;"Câmeras IP e analógicas HD/4K"
ESI;Home — Soluções;2.78;card-feature;"Análise comportamental por IA"
ESI;Home — Soluções;2.79;card-feature;"Alertas em tempo real"
ESI;Home — Soluções;2.80;card-feature;"Integração com alarmes e ERP"
ESI;Home — Soluções;2.81;card-tag;"IMAGEM TÉRMICA"
ESI;Home — Soluções;2.82;card-titulo;"Câmeras Térmicas & Laser"
ESI;Home — Soluções;2.83;card-descricao;"Câmeras térmicas e laser para detecção precoce de riscos em ambientes industriais e classificados. Monitoramento contínuo de temperatura, vazamentos e anomalias sem contato."
ESI;Home — Soluções;2.84;card-feature;"Câmeras térmicas de alta precisão"
ESI;Home — Soluções;2.85;card-feature;"Detecção laser de partículas"
ESI;Home — Soluções;2.86;card-feature;"Monitoramento 24/7 sem contato"
ESI;Home — Soluções;2.87;card-feature;"Integração com alarmes e dashboards"
ESI;Home — Soluções;2.88;card-tag;"IA"
ESI;Home — Soluções;2.89;card-titulo;"Inteligência Artificial"
ESI;Home — Soluções;2.90;card-descricao;"Algoritmos de visão computacional treinados para os padrões comportamentais de cada setor. Análise contínua sem intervenção humana — da detecção de irregularidades ao reconhecimento de padrões de risco."
ESI;Home — Soluções;2.91;card-feature;"Visão computacional embarcada"
ESI;Home — Soluções;2.92;card-feature;"Detecção de anomalias"
ESI;Home — Soluções;2.93;card-feature;"Reconhecimento de padrões de risco"
ESI;Home — Soluções;2.94;card-feature;"Dashboards preditivos"
ESI;Home — Soluções;2.95;card-tag;"SUBESTAÇÃO"
ESI;Home — Soluções;2.96;card-titulo;"Câmera Microfônica"
ESI;Home — Soluções;2.97;card-descricao;"Câmera microfônica para detecção de ruídos de fuga e energia em subestações. Monitoramento acústico contínuo que identifica falhas antes que se tornem incidentes críticos."
ESI;Home — Soluções;2.98;card-feature;"Detecção acústica de falhas"
ESI;Home — Soluções;2.99;card-feature;"Monitoramento contínuo de subestações"
ESI;Home — Soluções;2.100;card-feature;"Alertas preditivos em tempo real"
ESI;Home — Soluções;2.101;card-feature;"Integração com sistemas de manutenção"
ESI;Home — Cases;2.102;kicker;"CASES"
ESI;Home — Cases;2.103;heading;"Resultados que se medem em números."
ESI;Home — Cases;2.104;sub;"Cada projeto é único. Cada resultado é auditável."
ESI;Home — Cases;2.105;case-titulo;"Rede varejista reduz perdas com monitoramento comportamental"
ESI;Home — Cases;2.106;case-descricao;"Implementação de CFTV com IA em lojas distribuídas pelo país. Correlação de eventos com ERP e alertas comportamentais em tempo real."
ESI;Home — Cases;2.107;case-setor;"Varejo"
ESI;Home — Cases;2.108;case-kpi;"-40% Perdas operacionais"
ESI;Home — Cases;2.109;case-kpi;"12m Projeto"
ESI;Home — Cases;2.110;case-titulo;"Porto automatiza leitura de containers com câmeras OCR"
ESI;Home — Cases;2.111;case-descricao;"Implantação de câmeras de leitura OCR para identificação automatizada de containers. Eliminação de pontos cegos e redução do tempo de resposta a incidentes."
ESI;Home — Cases;2.112;case-setor;"Portos"
ESI;Home — Cases;2.113;case-kpi;"100% Cobertura de área"
ESI;Home — Cases;2.114;case-kpi;"0 Pontos cegos"
ESI;Home — Cases;2.115;case-titulo;"Planta industrial adota câmeras térmicas para detecção precoce"
ESI;Home — Cases;2.116;case-descricao;"Implantação de câmeras térmicas e laser para monitoramento contínuo de ambientes classificados. Detecção precoce de anomalias sem contato."
ESI;Home — Cases;2.117;case-setor;"Energia"
ESI;Home — Cases;2.118;case-kpi;"24/7 Monitoramento"
ESI;Home — Cases;2.119;case-kpi;"0 Falhas não detectadas"
ESI;Home — Parceiros;2.120;heading;"Parceiros de Tecnologia"
ESI;Home — Parceiros;2.121;sub;"Fabricantes e fornecedores de soluções líderes de mercado que integram nosso portfólio."
ESI;Home — Parceiros;2.122;parceiro;"Hikvision (CFTV)"
ESI;Home — Parceiros;2.123;parceiro;"Intelbras (CFTV)"
ESI;Home — Parceiros;2.124;parceiro;"Bosch (CFTV)"
ESI;Home — Parceiros;2.125;parceiro;"Hanwha Techwin (CFTV)"
ESI;Home — Parceiros;2.126;parceiro;"Pelco (CFTV)"
ESI;Home — Parceiros;2.127;parceiro;"Axis (CFTV)"
ESI;Home — Parceiros;2.128;parceiro;"Control-ID (Controle de Acesso)"
ESI;Home — Parceiros;2.129;parceiro;"Nexans (Cabeamento)"
ESI;Home — Parceiros;2.130;parceiro;"Furukawa (Cabeamento)"
ESI;Home — Parceiros;2.131;parceiro;"Conscope (Infraestrutura)"
ESI;Home — Parceiros;2.132;parceiro;"Pirelli (Cabeamento)"
ESI;Home — Parceiros;2.133;parceiro;"ISS (Software VMS)"
ESI;Home — Parceiros;2.134;parceiro;"Axxon (Software VMS)"
ESI;Home — Parceiros;2.135;parceiro;"Digifort (Software VMS)"
ESI;Home — Parceiros;2.136;parceiro;"Seventh (Software)"
ESI;Home — P&D;2.137;kicker;"esi | p&d · engenharia customizada"
ESI;Home — P&D;2.138;heading;"Quando o catálogo não resolve, a gente desenvolve."
ESI;Home — P&D;2.139;sub;"Hardware, firmware, analítico de borda, adaptação para ambientes classificados. Se o que você precisa não existe, nós projetamos."
ESI;Home — P&D;2.140;cta-primary;"Traga o seu desafio"
ESI;Home — P&D;2.141;cta-secondary;"Ver projetos P&D"
ESI;Home — P&D;2.142;pilar-titulo;"Integração de sistemas"
ESI;Home — P&D;2.143;pilar-descricao;"conectamos plataformas proprietárias que nenhum integrador quis tocar"
ESI;Home — P&D;2.144;pilar-titulo;"Hardware sob medida"
ESI;Home — P&D;2.145;pilar-descricao;"placas, gateways e suportes para ambientes atípicos"
ESI;Home — P&D;2.146;pilar-titulo;"Firmware customizado"
ESI;Home — P&D;2.147;pilar-descricao;"comportamentos específicos da sua operação, não do fabricante"
ESI;Home — P&D;2.148;pilar-titulo;"Analítico de borda"
ESI;Home — P&D;2.149;pilar-descricao;"modelos de IA treinados com o seu dado, na sua realidade"
ESI;Home — Store;2.150;kicker;"ESI STORE"
ESI;Home — Store;2.151;heading;"Tecnologia de ponta. Disponível agora."
ESI;Home — Store;2.152;sub;"Câmeras, sensores térmicos, laser e acessórios — com suporte técnico ESI Exata."
ESI;Home — Store;2.153;categoria;"Câmeras IP & Analógicas"
ESI;Home — Store;2.154;categoria;"Câmeras Térmicas & Laser"
ESI;Home — Store;2.155;categoria;"Bodycams"
ESI;Home — Store;2.156;categoria;"Acessórios e Insumos"
ESI;Home — Store;2.157;cta;"Ver catálogo completo →"
ESI;Home — Store;2.158;nota;"Soluções corporativas e projetos customizados: consulte nossa equipe comercial."
ESI;Home — Contato;2.159;kicker;"VAMOS CONVERSAR"
ESI;Home — Contato;2.160;heading;"Qual é o desafio da sua operação?"
ESI;Home — Contato;2.161;body;"Nossa equipe técnica analisa o seu cenário e propõe a solução mais eficiente — sem custo e sem compromisso."
ESI;Home — Contato;2.162;telefone;"(41) 3527 7007"
ESI;Home — Contato;2.163;escritorio-titulo;"Curitiba — PR (Sede)"
ESI;Home — Contato;2.164;escritorio-endereco;"R. Jorge B. Crocetti, 231 — Capão da Imbuia — CEP 82800-080"
ESI;Home — Contato;2.165;escritorio-telefone;"(41) 3527 7007"
ESI;Home — Contato;2.166;escritorio-email;"contato@esiexata.com.br"
ESI;Home — Contato;2.167;secao-titulo;"Nossas Sedes"
ESI;Home — Contato;2.168;form-titulo;"Fale com nossa equipe"
ESI;Home — Contato;2.169;form-sub;"Preencha o formulário e retornaremos em até 1 dia útil."
ESI;Home — Contato;2.170;form-campo;"Nome completo *"
ESI;Home — Contato;2.171;form-campo;"E-mail corporativo *"
ESI;Home — Contato;2.172;form-campo;"Telefone / WhatsApp *"
ESI;Home — Contato;2.173;form-campo;"Empresa *"
ESI;Home — Contato;2.174;form-campo;"Setor de atuação *"
ESI;Home — Contato;2.175;form-opcoes;"Varejo, Portos, Energia, Agronegócio, Healthcare, Outro"
ESI;Home — Contato;2.176;form-campo;"Descreva seu desafio ou necessidade"
ESI;Home — Contato;2.177;form-button;"Enviar mensagem →"
ESI;Home — Contato;2.178;form-sucesso;"Mensagem recebida. Retornaremos em até 1 dia útil."
ESI;Home — Contato;2.179;form-erro;"Erro ao enviar. Tente novamente ou ligue: (41) 3527 7007"
ESI;IA — Meta;3.1;meta-title;"Inteligência Artificial · ESI Exata"
ESI;IA — Meta;3.2;meta-description;"Visão computacional treinada para reconhecer objetos, comportamentos e anomalias específicos da sua operação. Portos, varejo, indústria."
ESI;IA — Meta;3.3;og-title;"Toda câmera grava. A nossa solução pensa."
ESI;IA — Meta;3.4;og-description;"IA treinada com o seu vídeo, na sua realidade — não com banco de imagens estrangeiro."
ESI;IA — Hero;3.5;badge;"esi · visão computacional"
ESI;IA — Hero;3.6;heading;"Toda câmera grava. A nossa solução pensa."
ESI;IA — Hero;3.7;body;"Visão computacional treinada para reconhecer o objeto, o comportamento e a anomalia que importam para a sua operação. Do contêiner no pátio ao SKU na gôndola, do EPI na linha ao vazamento na válvula — a gente ensina a máquina a olhar pelo seu olho."
ESI;IA — Hero;3.8;cta-primary;"Treinar para meu cenário →"
ESI;IA — Hero;3.9;cta-secondary;"Ver catálogo de algoritmos"
ESI;IA — Hero;3.10;stat;"12+ algoritmos prontos — Catálogo treinado e validado"
ESI;IA — Hero;3.11;stat;"∞ objetos customizáveis — Treinamos para o seu cenário"
ESI;IA — Hero;3.12;stat;"<200ms latência média — Inferência on-prem, sem nuvem"
ESI;IA — Hero;3.13;stat;"24/7 operação contínua — Sem fadiga, sem pausa"
ESI;IA — Abordagem;3.14;kicker;"Como trabalhamos"
ESI;IA — Abordagem;3.15;heading;"IA treinada com o seu vídeo, na sua realidade — não com banco de imagens estrangeiro."
ESI;IA — Abordagem;3.16;step-titulo;"01 — Diagnóstico técnico"
ESI;IA — Abordagem;3.17;step-descricao;"Engenheiros visitam a operação, mapeiam câmeras, ângulos, iluminação e o objeto/comportamento alvo. Sem visita, não há projeto."
ESI;IA — Abordagem;3.18;step-titulo;"02 — Treino dirigido"
ESI;IA — Abordagem;3.19;step-descricao;"Coletamos amostras do seu vídeo real, anotamos manualmente e treinamos um modelo dedicado. Em 4–8 semanas, está em produção."
ESI;IA — Abordagem;3.20;step-titulo;"03 — Operação on-premise"
ESI;IA — Abordagem;3.21;step-descricao;"Inferência roda no DVR/servidor local. Sem upload de imagem para nuvem, sem dependência de banda. LGPD-friendly por design."
ESI;IA — Detectores;3.22;kicker;"O que detectamos · por setor"
ESI;IA — Detectores;3.23;heading;"Cada operação tem o seu objeto crítico. A gente treina para o seu."
ESI;IA — Detectores;3.24;setor-titulo;"PORTUÁRIO"
ESI;IA — Detectores;3.25;setor-sub;"Pátio, navio, contêiner — vistos do alto, lidos em tempo real."
ESI;IA — Detectores;3.26;detector-titulo;"Leitura de placas e contêineres"
ESI;IA — Detectores;3.27;detector-descricao;"OCR de chassis, BIC code e placas em ângulos extremos, com chuva ou sol contra"
ESI;IA — Detectores;3.28;detector-titulo;"Identificação de carga atípica"
ESI;IA — Detectores;3.29;detector-descricao;"Detecta cargas fora do padrão (volume, formato, vazamento aparente)"
ESI;IA — Detectores;3.30;detector-titulo;"Tracking de equipamento"
ESI;IA — Detectores;3.31;detector-descricao;"Reach stackers, RTGs e empilhadeiras geolocalizados por câmera"
ESI;IA — Detectores;3.32;detector-titulo;"Perimetria inteligente"
ESI;IA — Detectores;3.33;detector-descricao;"Distinção entre pessoa, animal e objeto — zero falso alarme noturno"
ESI;IA — Detectores;3.34;setor-titulo;"VAREJO & COMÉRCIO"
ESI;IA — Detectores;3.35;setor-sub;"O que sai pela porta. O que fica no estoque. O que muda no comportamento."
ESI;IA — Detectores;3.36;detector-titulo;"Detecção de produto específico"
ESI;IA — Detectores;3.37;detector-descricao;"Treinado para reconhecer SKUs críticos (perfumaria, eletrônicos, cosméticos)"
ESI;IA — Detectores;3.38;detector-titulo;"Comportamento suspeito em corredor"
ESI;IA — Detectores;3.39;detector-descricao;"Trocas de embalagem, ocultação, demora atípica em prateleira"
ESI;IA — Detectores;3.40;detector-titulo;"Contagem e mapa de calor"
ESI;IA — Detectores;3.41;detector-descricao;"Fluxo por hora, conversão por área, ociosidade de loja"
ESI;IA — Detectores;3.42;detector-titulo;"Reconhecimento facial em blacklist"
ESI;IA — Detectores;3.43;detector-descricao;"Alerta de reincidentes — uso restrito conforme LGPD"
ESI;IA — Detectores;3.44;setor-titulo;"INDUSTRIAL"
ESI;IA — Detectores;3.45;setor-sub;"Onde a NR exige olhos, a IA não pisca."
ESI;IA — Detectores;3.46;detector-titulo;"EPI e NR-12"
ESI;IA — Detectores;3.47;detector-descricao;"Capacete, luva, óculos, cinto — alerta no instante da omissão"
ESI;IA — Detectores;3.48;detector-titulo;"Detecção de vazamento e fumaça"
ESI;IA — Detectores;3.49;detector-descricao;"Visão térmica + IA para gases invisíveis e princípio de incêndio"
ESI;IA — Detectores;3.50;detector-titulo;"Aproximação a zona perigosa"
ESI;IA — Detectores;3.51;detector-descricao;"Zonas virtuais ao redor de prensas, esteiras e robôs colaborativos"
ESI;IA — Detectores;3.52;detector-titulo;"Postura ergonômica e queda"
ESI;IA — Detectores;3.53;detector-descricao;"Detecção de quedas em altura e posturas de risco para ginástica laboral"
ESI;IA — Catálogo;3.54;kicker;"Catálogo de algoritmos prontos"
ESI;IA — Catálogo;3.55;heading;"12 detectores de prateleira. Mais o seu, sob medida."
ESI;IA — Catálogo;3.56;sub;"Comece com qualquer um deles em 1 semana. Combine. Plugue na sua câmera, no seu DVR, no seu VMS."
ESI;IA — Catálogo;3.57;algoritmo;"Inteligência perimetral (segurança)"
ESI;IA — Catálogo;3.58;algoritmo;"Detecção de violência (segurança)"
ESI;IA — Catálogo;3.59;algoritmo;"Detecção de queda (saúde)"
ESI;IA — Catálogo;3.60;algoritmo;"Leitura de placas / LPR (operação)"
ESI;IA — Catálogo;3.61;algoritmo;"Proximidade entre pessoas (operação)"
ESI;IA — Catálogo;3.62;algoritmo;"Detecção de aglomerações (operação)"
ESI;IA — Catálogo;3.63;algoritmo;"Atitudes suspeitas (segurança)"
ESI;IA — Catálogo;3.64;algoritmo;"Reconhecimento facial (segurança)"
ESI;IA — Catálogo;3.65;algoritmo;"Contagem de pessoas (operação)"
ESI;IA — Catálogo;3.66;algoritmo;"Medição de temperatura (saúde)"
ESI;IA — Catálogo;3.67;algoritmo;"Busca forense em vídeo (operação)"
ESI;IA — Catálogo;3.68;algoritmo;"Detecção de objeto custom (p&d)"
ESI;IA — Arquitetura;3.69;kicker;"Arquitetura"
ESI;IA — Arquitetura;3.70;heading;"Tudo on-premise. Sem nuvem. Sem dependência."
ESI;IA — Arquitetura;3.71;bloco;"Câmeras — IP, analógicas, térmicas — qualquer marca"
ESI;IA — Arquitetura;3.72;bloco;"DVR/NVR + IA — Inferência na borda, on-prem"
ESI;IA — Arquitetura;3.73;bloco;"VMS / ERP — Integração com seu software de gestão"
ESI;IA — Arquitetura;3.74;bloco;"Alertas — WhatsApp, e-mail, painel ESI"
ESI;IA — Arquitetura;3.75;nota;"LGPD-friendly por design: nenhuma imagem de pessoa sai do site do cliente. Inferência local; só evento (texto) trafega."
ESI;IA — P&D;3.76;kicker;"esi · p&d"
ESI;IA — P&D;3.77;heading;"Não tem detector pronto pro seu objeto? A gente desenvolve."
ESI;IA — P&D;3.78;body;"Detectar uma peça específica em uma esteira. Reconhecer um padrão de avaria em contêiner. Identificar um SKU específico no carrinho. Casos que nenhum catálogo cobre. Aí entra a equipe de P&D."
ESI;IA — P&D;3.79;cta-primary;"Traga o seu desafio →"
ESI;IA — P&D;3.80;cta-secondary;"Ver projetos P&D"
ESI;IA — CTA;3.81;heading;"Mande seu cenário."
ESI;IA — CTA;3.82;sub;"Devolvemos um diagnóstico técnico em até 1 dia útil."
ESI;IA — CTA;3.83;button;"Falar com engenheiro ESI →"
ESI;EPI — Meta;4.1;meta-title;"Detecção de Capacetes e EPIs com IA · ESI Exata"
ESI;EPI — Meta;4.2;meta-description;"Sistema de visão computacional para detecção automática de capacetes e EPIs em tempo real. Reduza acidentes e garanta conformidade com NRs."
ESI;EPI — Meta;4.3;og-title;"IA que detecta quem está sem capacete — antes do acidente."
ESI;EPI — Hero;4.4;kicker;"Inteligência Artificial · Segurança do Trabalho"
ESI;EPI — Hero;4.5;heading;"IA que detecta quem está sem capacete — antes do acidente."
ESI;EPI — Hero;4.6;body;"Visão computacional treinada para reconhecer EPIs em tempo real. Alertas instantâneos para supervisores. Conformidade automática com NR-6, NR-12 e NR-35."
ESI;EPI — Hero;4.7;cta;"Solicitar demonstração →"
ESI;EPI — Hero;4.8;stat;"<1s Tempo de detecção"
ESI;EPI — Hero;4.9;stat;"99,2% Precisão média"
ESI;EPI — Hero;4.10;stat;"24/7 Monitoramento contínuo"
ESI;EPI — Hero;4.11;stat;"0 Hardware adicional"
ESI;EPI — Como funciona;4.12;kicker;"Como funciona"
ESI;EPI — Como funciona;4.13;heading;"Da câmera ao alerta em 3 passos"
ESI;EPI — Como funciona;4.14;step;"01 — Conectamos suas câmeras — Integração com CFTV existente — IP ou analógico. Sem trocar equipamento, sem obra."
ESI;EPI — Como funciona;4.15;step;"02 — Treinamos o modelo — IA calibrada com imagens reais da sua operação: capacetes, coletes, óculos, luvas e mais."
ESI;EPI — Como funciona;4.16;step;"03 — Monitoramento 24/7 — Detecção contínua com alertas instantâneos e relatórios de conformidade automáticos."
ESI;EPI — Benefícios;4.17;kicker;"Benefícios"
ESI;EPI — Benefícios;4.18;heading;"Segurança inteligente para sua operação industrial"
ESI;EPI — Benefícios;4.19;card;"Detecção em tempo real — Identifica automaticamente a presença ou ausência de capacetes, luvas, óculos e coletes em menos de 1 segundo."
ESI;EPI — Benefícios;4.20;card;"Alertas instantâneos — Notificação imediata para supervisores via painel, e-mail ou integração com sistemas de segurança existentes."
ESI;EPI — Benefícios;4.21;card;"Conformidade com NRs — Relatórios automáticos de conformidade com NR-6, NR-12 e NR-35. Evidências visuais para auditorias."
ESI;EPI — Benefícios;4.22;card;"Integração com câmeras existentes — Funciona com o seu parque de câmeras atual — CFTV analógico ou IP. Sem necessidade de trocar equipamentos."
ESI;EPI — Benefícios;4.23;card;"Dashboard analítico — Painel com métricas de conformidade por área, turno e colaborador. Histórico completo para gestão de SST."
ESI;EPI — Benefícios;4.24;card;"Treinado para sua operação — Modelo de IA calibrado com imagens do seu ambiente real — não com bancos de imagem genéricos."
ESI;EPI — EPIs detectados;4.25;kicker;"EPIs detectados"
ESI;EPI — EPIs detectados;4.26;heading;"O que nossa IA reconhece"
ESI;EPI — EPIs detectados;4.27;item;"Capacete, Óculos, Luvas, Colete, Cinto (NR-35), Máscara"
ESI;EPI — Formulário;4.28;kicker;"Demonstração gratuita"
ESI;EPI — Formulário;4.29;heading;"Veja a IA funcionando no seu ambiente."
ESI;EPI — Formulário;4.30;body;"Preencha o formulário e nossa equipe de engenharia entrará em contato para agendar uma demonstração personalizada com imagens da sua operação."
ESI;EPI — Formulário;4.31;checkmark;"Diagnóstico técnico em até 1 dia útil"
ESI;EPI — Formulário;4.32;checkmark;"Demonstração com imagens do seu ambiente"
ESI;EPI — Formulário;4.33;checkmark;"Proposta sob medida para sua operação"
ESI;EPI — Formulário;4.34;form-titulo;"Solicite uma demonstração"
ESI;EPI — Formulário;4.35;form-sub;"Preencha os dados e retornaremos em até 1 dia útil."
ESI;EPI — Formulário;4.36;form-campos;"Nome completo, E-mail corporativo, Telefone/WhatsApp, Empresa, Setor de atuação, Quantidade aproximada de câmeras"
ESI;EPI — Formulário;4.37;form-opcoes-setor;"Indústria, Construção Civil, Mineração, Portos e Logística, Energia, Outro"
ESI;EPI — Formulário;4.38;form-opcoes-cameras;"1 a 10, 11 a 50, 51 a 200, Mais de 200"
ESI;EPI — Formulário;4.39;form-button;"Solicitar demonstração gratuita →"
ESI;EPI — Formulário;4.40;form-sucesso;"Cadastro recebido! Nossa equipe de engenharia entrará em contato em até 1 dia útil."
ESI;EPI — Formulário;4.41;form-erro;"Erro ao enviar. Tente novamente ou ligue: (41) 3527 7007"
ESI;Parceiros — Meta;5.1;meta-title;"Seja um Parceiro ESI Exata | Segurança Eletrônica para Redes Varejistas"
ESI;Parceiros — Meta;5.2;meta-description;"Cadastre-se como parceiro ESI Exata e faça parte da rede especializada em instalação de CFTV, alarmes e monitoramento para grandes redes varejistas."
ESI;Parceiros — Hero;5.3;badge;"Programa de Parceiros"
ESI;Parceiros — Hero;5.4;heading;"Seja um Parceiro ESI Exata"
ESI;Parceiros — Hero;5.5;sub;"Unimos especialistas em segurança eletrônica para atender grandes redes varejistas em todo o Brasil. Cadastre-se e faça parte da nossa rede de parceiros."
ESI;Parceiros — Hero;5.6;cta;"Quero me Cadastrar"
ESI;Parceiros — Hero;5.7;stat;"200+ Parceiros"
ESI;Parceiros — Hero;5.8;stat;"50+ Cidades"
ESI;Parceiros — Hero;5.9;stat;"15+ Estados"
ESI;Parceiros — Hero;5.10;stat;"98% Satisfação"
ESI;Parceiros — Atividades;5.11;kicker;"Nossas Atividades"
ESI;Parceiros — Atividades;5.12;heading;"Segurança Eletrônica de Alto Padrão"
ESI;Parceiros — Atividades;5.13;card;"CFTV — Instalação e manutenção de sistemas de câmeras de segurança de alta resolução."
ESI;Parceiros — Atividades;5.14;card;"Alarmes — Projetos e instalação de centrais de alarme perimetral e de detecção de intrusão."
ESI;Parceiros — Atividades;5.15;card;"Controle de Acesso — Soluções de controle de acesso físico com catracas, biometria e integração com sistemas de segurança."
ESI;Parceiros — Atividades;5.16;body;"A ESI Exata é especializada na instalação de sistemas de segurança eletrônica para grandes redes varejistas. Atuamos com contratos por atendimento, garantindo agilidade e qualidade em cada chamado — do diagnóstico à execução."
ESI;Parceiros — Formulário;5.17;heading;"Cadastre-se como Parceiro"
ESI;Parceiros — Formulário;5.18;sub;"Preencha o formulário abaixo. Nossa equipe comercial entrará em contato em até 2 dias úteis."
ESI;Parceiros — Formulário;5.19;form-campos;"Nome da empresa, CNPJ, Nome do responsável, E-mail corporativo, Telefone/WhatsApp, Área de atuação, Cidade/Estado, Site da empresa, Instagram da empresa, Descrição dos serviços, Como conheceu a ESI Exata?"
ESI;Parceiros — Formulário;5.20;form-opcoes-como;"Indicação de parceiro, Redes sociais, Google/internet, Evento ou feira, Outro"
ESI;Parceiros — Formulário;5.21;form-button;"Enviar Cadastro"
ESI;Parceiros — Formulário;5.22;form-sucesso;"Cadastro recebido! Obrigado pelo interesse em ser parceiro ESI Exata. Nossa equipe comercial analisará seu cadastro e entrará em contato em até 2 dias úteis."
ESI;Parceiros — Formulário;5.23;form-erro;"Ocorreu um erro ao enviar. Tente novamente ou entre em contato pelo WhatsApp."
ESI;Parceiros — Contato Rápido;5.24;heading;"Prefere falar direto com a gente?"
ESI;Parceiros — Contato Rápido;5.25;sub;"Estamos disponíveis pelo WhatsApp e Instagram. Escolha o canal de sua preferência."
ESI;Parceiros — FAQ;5.26;pergunta;"O que é necessário para se tornar parceiro ESI Exata?"
ESI;Parceiros — FAQ;5.27;resposta;"Para se tornar parceiro, sua empresa precisa atuar na área de instalação, manutenção ou serviços correlatos à segurança eletrônica. Basta preencher o formulário de cadastro nesta página com os dados da empresa e do responsável. Nossa equipe avaliará o perfil e entrará em contato para os próximos passos."
ESI;Parceiros — FAQ;5.28;pergunta;"Quais os benefícios da parceria com a ESI Exata?"
ESI;Parceiros — FAQ;5.29;resposta;"Parceiros ESI Exata têm acesso a oportunidades de atendimento em grandes redes varejistas, com contratos estruturados por chamados. A parceria oferece previsibilidade de demanda, suporte técnico da ESI Exata e integração a uma rede de empresas especializadas no setor."
ESI;Parceiros — FAQ;5.30;pergunta;"Como funciona o processo após o cadastro?"
ESI;Parceiros — FAQ;5.31;resposta;"Após o envio do formulário, nossa equipe comercial analisa o cadastro em até 2 dias úteis. Se houver compatibilidade de perfil, entraremos em contato por e-mail ou WhatsApp para apresentar as condições de parceria e dar início ao processo de credenciamento."
ESI;Parceiros — CTA;5.32;heading;"Pronto para crescer com a ESI Exata?"
ESI;Parceiros — CTA;5.33;sub;"Cadastre sua empresa e faça parte da nossa rede de parceiros."
ESI;Parceiros — CTA;5.34;button;"Quero me Cadastrar"
ESI;Vaga Orçamentista;6.1;meta-title;"Vaga: Orçamentista Júnior (CFTV/CA) — ESI Exata Curitiba"
ESI;Vaga Orçamentista;6.2;label;"Vagas abertas"
ESI;Vaga Orçamentista;6.3;heading;"Estamos contratando: Orçamentista Júnior"
ESI;Vaga Orçamentista;6.4;sub;"Junte-se ao time da ESI Exata e atue com sistemas de CFTV e Controle de Acesso em projetos de todo o Brasil."
ESI;Vaga Orçamentista;6.5;badges;"Curitiba/PR, CLT, Presencial, Júnior"
ESI;Vaga Orçamentista;6.6;cta;"Quero me candidatar"
ESI;Vaga Orçamentista;6.7;secao-titulo;"Quem somos"
ESI;Vaga Orçamentista;6.8;secao-body;"A ESI Exata é uma empresa de tecnologia em segurança eletrônica com sede em Curitiba e atuação nacional. Projetamos, instalamos e mantemos soluções de CFTV, controle de acesso, perímetro e alarmes para clientes corporativos, industriais e do agronegócio. Desenvolvemos tecnologia própria — a suíte Integra-Hub — e trabalhamos com parcerias estratégicas com fabricantes reconhecidos do mercado."
ESI;Vaga Orçamentista;6.9;card;"CFTV — Câmeras, gravadores e analíticos de vídeo para monitoramento inteligente."
ESI;Vaga Orçamentista;6.10;card;"Controle de Acesso — Controladoras, leitoras, catracas e fechaduras para segurança física."
ESI;Vaga Orçamentista;6.11;card;"Perímetro e Alarmes — Sensores, cercas virtuais e sistemas de alarme para proteção perimetral."
ESI;Vaga Orçamentista;6.12;secao-titulo;"Suas responsabilidades"
ESI;Vaga Orçamentista;6.13;lista;"Analisar projetos, plantas e memoriais descritivos."
ESI;Vaga Orçamentista;6.14;lista;"Elaborar listas de materiais (BOM) para CFTV e controle de acesso."
ESI;Vaga Orçamentista;6.15;lista;"Sugerir valor de mão de obra para composição do orçamento."
ESI;Vaga Orçamentista;6.16;lista;"Lançar vendas no ERP."
ESI;Vaga Orçamentista;6.17;lista;"Apoiar o time comercial em revisões de proposta."
ESI;Vaga Orçamentista;6.18;lista;"Trabalhar em conjunto com Compras/Logística no fluxo de cotação."
ESI;Vaga Orçamentista;6.19;secao-titulo;"Requisitos"
ESI;Vaga Orçamentista;6.20;lista;"Ensino médio completo."
ESI;Vaga Orçamentista;6.21;lista;"Conhecimento básico em CFTV (câmeras IP/analógicas, gravadores, switches PoE)."
ESI;Vaga Orçamentista;6.22;lista;"Conhecimento básico em controle de acesso (controladoras, leitoras, fechaduras, catracas)."
ESI;Vaga Orçamentista;6.23;lista;"Leitura e interpretação de projetos e datasheets."
ESI;Vaga Orçamentista;6.24;lista;"Organização e atenção a detalhes numéricos."
ESI;Vaga Orçamentista;6.25;lista;"Boa comunicação escrita."
ESI;Vaga Orçamentista;6.26;secao-titulo;"Vai te colocar à frente (não eliminatório)"
ESI;Vaga Orçamentista;6.27;lista;"Curso técnico em Eletrônica, Eletrotécnica, Automação, Redes ou Telecom."
ESI;Vaga Orçamentista;6.28;lista;"Experiência prévia em orçamentação, compras ou cotação no setor."
ESI;Vaga Orçamentista;6.29;lista;"Leitura de plantas em AutoCAD."
ESI;Vaga Orçamentista;6.30;lista;"Conhecimento dos principais fabricantes do mercado de segurança eletrônica."
ESI;Vaga Orçamentista;6.31;secao-titulo;"Nosso pacote"
ESI;Vaga Orçamentista;6.32;card;"Salário compatível — Remuneração alinhada com o mercado."
ESI;Vaga Orçamentista;6.33;card;"Vale-transporte — Cobertura integral do deslocamento."
ESI;Vaga Orçamentista;6.34;card;"Vale-refeição — Vale-refeição / alimentação."
ESI;Vaga Orçamentista;6.35;card;"Plano de carreira — Empresa em expansão nacional."
ESI;Vaga Orçamentista;6.36;card;"Treinamento técnico — Capacitação interna contínua."
ESI;Vaga Orçamentista;6.37;card;"Ambiente colaborativo — Proximidade com a diretoria."
ESI;Vaga Orçamentista;6.38;form-titulo;"Candidate-se agora"
ESI;Vaga Orçamentista;6.39;form-sub;"Preencha os dados abaixo e anexe seu currículo. Retornaremos em breve."
ESI;Vaga Orçamentista;6.40;form-campos;"Nome completo, E-mail, Telefone/WhatsApp, Cidade/Estado, LinkedIn, Curso técnico na área?, Experiência com orçamentação?, Pretensão salarial, Currículo (PDF/DOC/DOCX), Mensagem"
ESI;Vaga Orçamentista;6.41;lgpd;"Autorizo o tratamento dos meus dados pessoais para fins de processo seletivo, conforme a Lei n° 13.709/2018 (LGPD)."
ESI;Vaga Orçamentista;6.42;form-button;"Enviar candidatura"
ESI;Vaga Orçamentista;6.43;form-sucesso;"Recebemos sua candidatura! Em caso de match com a vaga, nosso time entrará em contato pelo e-mail informado."
ESI;Promo VHD3120;7.1;meta-title;"VHD 3120 Intelbras — R$300 | ESI Exata"
ESI;Promo VHD3120;7.2;kicker;"Oferta especial"
ESI;Promo VHD3120;7.3;heading;"VHD 3120 Intelbras"
ESI;Promo VHD3120;7.4;body;"Camera Multi HD 720p com infravermelho 20m. Protecao IP67 para ambientes internos e externos. Qualidade Intelbras com suporte ESI Exata."
ESI;Promo VHD3120;7.5;preco;"R$300 /unidade"
ESI;Promo VHD3120;7.6;cta-primary;"Comprar pelo WhatsApp"
ESI;Promo VHD3120;7.7;cta-secondary;"Ver detalhes"
ESI;Promo VHD3120;7.8;spec;"Resolucao: HD 720p"
ESI;Promo VHD3120;7.9;spec;"Infravermelho: 20 metros"
ESI;Promo VHD3120;7.10;spec;"Tecnologia: Multi HD 4 em 1"
ESI;Promo VHD3120;7.11;spec;"Protecao: IP67"
ESI;Promo VHD3120;7.12;spec;"Garantia: 1 ano Intelbras"
ESI;Promo VHD3120;7.13;spec;"Instalacao: Inclusa*"
ESI;Promo VHD3120;7.14;kicker;"Por que escolher a VHD 3120"
ESI;Promo VHD3120;7.15;heading;"Seguranca acessivel e confiavel"
ESI;Promo VHD3120;7.16;card;"Ideal para residencias — Proteja sua casa, sitio ou chacara com imagem nitida dia e noite."
ESI;Promo VHD3120;7.17;card;"Visao noturna 20m — Infravermelho inteligente que garante imagens claras mesmo no escuro total."
ESI;Promo VHD3120;7.18;card;"Resistente a chuva — Protecao IP67 — funciona perfeitamente em ambientes externos."
ESI;Promo VHD3120;7.19;card;"Facil instalacao — Compativel com DVRs Intelbras e outras marcas. Multi HD 4 em 1."
ESI;Promo VHD3120;7.20;kicker;"Aplicacao"
ESI;Promo VHD3120;7.21;heading;"Perfeita para casas, sitios e comercios"
ESI;Promo VHD3120;7.22;body;"A VHD 3120 e a escolha certa para quem precisa de seguranca com custo acessivel. Imagem HD de dia, visao noturna de noite, e resistencia a intemperies para instalacao externa. Ideal para monitorar entradas, garagens, perimetros e areas comuns."
ESI;Promo VHD3120;7.23;card;"Residencias — Monitore portoes, garagens e areas externas 24h com imagem HD."
ESI;Promo VHD3120;7.24;card;"Sitios e chacaras — Visao noturna de 20m para proteger propriedades rurais mesmo sem iluminacao."
ESI;Promo VHD3120;7.25;card;"Comercios — Registre movimentacao em lojas, depositos e estacionamentos."
ESI;Promo VHD3120;7.26;cta-heading;"Garanta a sua por R$300"
ESI;Promo VHD3120;7.27;cta-sub;"Oferta por tempo limitado. Fale com a ESI Exata pelo WhatsApp e feche seu pedido agora."
ESI;Promo VHD3120;7.28;cta-button;"Falar no WhatsApp"
ESI;Promo VHD3120;7.29;nota;"*Instalacao inclusa para Curitiba e regiao metropolitana. Consulte condicoes para outras localidades."
ESI;Integra-Frio;8.1;meta-title;"Integra — Folha de Produto | ESI Exata"
ESI;Integra-Frio;8.2;meta-description;"Monitor de geladeira de vacina Integra. Lê cinco sinais e responde com cinco tipos de aviso. Vigilância contínua 24/7 para manter vacinas na faixa segura."
ESI;Integra-Frio;8.3;header-produto;"Integra — Monitor de geladeira de vacina"
ESI;Integra-Frio;8.4;header-versao;"Folha de produto · v01 — 2026"
ESI;Integra-Frio;8.5;hero-label;"Especificacao de funcionamento"
ESI;Integra-Frio;8.6;hero-heading;"Como o equipamento funciona"
ESI;Integra-Frio;8.7;hero-body;"O Integra le cinco sinais diretamente da geladeira e do ambiente, e responde com cinco tipos de aviso. Esta folha descreve o que ele mede, o que ele faz, e exatamente quando cada aviso e disparado."
ESI;Integra-Frio;8.8;hero-badge;"Protege a vacina — Faixa segura vigiada 24/7"
ESI;Integra-Frio;8.9;hero-badge;"Avisa na hora — Alerta no segundo do problema"
ESI;Integra-Frio;8.10;hero-badge;"Registra tudo — Historico, graficos e fotos"
ESI;Integra-Frio;8.11;hero-stat;"5 Sensores de entrada"
ESI;Integra-Frio;8.12;hero-stat;"5 Avisos de saida"
ESI;Integra-Frio;8.13;hero-stat;"7 Situacoes monitoradas"
ESI;Integra-Frio;8.14;hero-stat;"24/7 Vigilancia continua"
ESI;Integra-Frio;8.15;secao-label;"Entradas — o que o equipamento mede"
ESI;Integra-Frio;8.16;secao-sub;"Cinco sensores, cada um respondendo uma pergunta diferente sobre a geladeira."
ESI;Integra-Frio;8.17;sensor-titulo;"A1 — Sensor de temperatura"
ESI;Integra-Frio;8.18;sensor-onde;"Dentro da geladeira, fixado no compartimento das vacinas."
ESI;Integra-Frio;8.19;sensor-oque;"A temperatura em graus Celsius, a cada poucos segundos."
ESI;Integra-Frio;8.20;sensor-porque;"Saber se a vacina esta na faixa segura e detectar variacoes bruscas."
ESI;Integra-Frio;8.21;sensor-titulo;"A2 — Sensor da porta"
ESI;Integra-Frio;8.22;sensor-onde;"Na porta — duas pecas pequenas, uma na porta e outra no batente."
ESI;Integra-Frio;8.23;sensor-oque;"Se a porta esta aberta ou fechada, em tempo real."
ESI;Integra-Frio;8.24;sensor-porque;"Contar e cronometrar cada abertura, e disparar a foto."
ESI;Integra-Frio;8.25;sensor-titulo;"A3 — Sensor de energia da rede"
ESI;Integra-Frio;8.26;sensor-onde;"Pequena fonte plugada no mesmo circuito da geladeira."
ESI;Integra-Frio;8.27;sensor-oque;"Se esta chegando energia da rede eletrica ou nao."
ESI;Integra-Frio;8.28;sensor-porque;"Avisar no segundo em que cai a luz no estabelecimento."
ESI;Integra-Frio;8.29;sensor-titulo;"A4 — Sensor da corrente do motor"
ESI;Integra-Frio;8.30;sensor-onde;"Pinca ao redor do cabo de forca (nao corta nem desliga nada)."
ESI;Integra-Frio;8.31;sensor-oque;"Se o motor da geladeira esta consumindo energia neste momento."
ESI;Integra-Frio;8.32;sensor-porque;"Detectar se o compressor parou — antes da temperatura subir."
ESI;Integra-Frio;8.33;sensor-titulo;"A5 — Camera"
ESI;Integra-Frio;8.34;sensor-onde;"Instalada na sala, apontada para a porta da geladeira."
ESI;Integra-Frio;8.35;sensor-oque;"Tira uma foto sob comando do equipamento. Nao grava video continuo."
ESI;Integra-Frio;8.36;sensor-porque;"Registrar o que acontecia na hora exata em que a porta foi aberta."
ESI;Integra-Frio;8.37;secao-label;"Ligacao — dos sensores aos avisos"
ESI;Integra-Frio;8.38;secao-sub;"Cada sensor esta ligado aos avisos que ele pode acionar. Passe o cursor por um sensor — ou por um aviso — para acender o caminho entre eles."
ESI;Integra-Frio;8.39;secao-label;"Saidas — o que o equipamento produz"
ESI;Integra-Frio;8.40;secao-sub;"Cinco formas distintas de aviso, cada uma para um momento e um proposito."
ESI;Integra-Frio;8.41;saida-titulo;"B1 — WhatsApp imediato"
ESI;Integra-Frio;8.42;saida-descricao;"No segundo em que um problema e detectado. Texto curto: o que aconteceu, em qual geladeira, a que horas."
ESI;Integra-Frio;8.43;saida-titulo;"B2 — WhatsApp de resumo"
ESI;Integra-Frio;8.44;saida-descricao;"Duas vezes ao dia, em horario fixo. Tudo o que aconteceu no periodo em uma unica mensagem."
ESI;Integra-Frio;8.45;saida-titulo;"B3 — Beep no local"
ESI;Integra-Frio;8.46;saida-descricao;"Em situacoes criticas — temperatura critica, motor parado. Dispara mesmo sem internet."
ESI;Integra-Frio;8.47;saida-titulo;"B4 — Foto registrada"
ESI;Integra-Frio;8.48;saida-descricao;"Cada vez que a porta da geladeira e aberta. Guardada com data e hora."
ESI;Integra-Frio;8.49;saida-titulo;"B5 — Dashboard central de monitoramento"
ESI;Integra-Frio;8.50;saida-descricao;"Continuamente, em tempo real. Estado de todas as geladeiras, graficos, historico, fotos."
ESI;Integra-Frio;8.51;secao-label;"Mapeamento — o que dispara o que"
ESI;Integra-Frio;8.52;secao-sub;"Cada situacao detectada aciona um conjunto especifico de saidas. Esta tabela mostra todas as combinacoes em uma so vista."
ESI;Integra-Frio;8.53;evento;"E1 — Temperatura passou do limite"
ESI;Integra-Frio;8.54;evento;"E2 — Mudanca brusca na temperatura"
ESI;Integra-Frio;8.55;evento;"E3 — Porta foi aberta"
ESI;Integra-Frio;8.56;evento;"E4 — Porta passou do tempo limite aberta"
ESI;Integra-Frio;8.57;evento;"E5 — Faltou energia"
ESI;Integra-Frio;8.58;evento;"E6 — O motor da geladeira parou"
ESI;Integra-Frio;8.59;evento;"E7 — O equipamento ficou sem conexao"
AGRO;Agro — Meta;9.1;meta-title;"ESI Agro — Tecnologia para o agronegócio | Grupo ESI"
AGRO;Agro — Meta;9.2;meta-description;"Filial em Sinop/MT. Totens autônomos, unidades móveis de monitoramento e IA treinada para fazendas. Atendimento MT GO MS BA TO."
AGRO;Agro — Topbar;9.3;label;"GRUPO ESI · FILIAL AGRO · SINOP MT · ATENDIMENTO MT GO MS BA TO"
AGRO;Agro — Topbar;9.4;pill;"esi|exata"
AGRO;Agro — Topbar;9.5;pill;"esi|agro"
AGRO;Agro — Topbar;9.6;pill;"esi|p&d"
AGRO;Agro — Topbar;9.7;pill;"esi|store"
AGRO;Agro — Nav;9.8;nav-link;"Soluções"
AGRO;Agro — Nav;9.9;nav-link;"Totem"
AGRO;Agro — Nav;9.10;nav-link;"Unidade Móvel"
AGRO;Agro — Nav;9.11;nav-link;"IA Agro"
AGRO;Agro — Nav;9.12;nav-link;"Cases"
AGRO;Agro — Nav;9.13;nav-link;"Contato"
AGRO;Agro — Nav;9.14;cta;"Falar com engenheiro Sinop →"
AGRO;Agro — Hero;9.15;badge;"esi · agronegócio"
AGRO;Agro — Hero;9.16;heading;"A tecnologia da ESI chega no campo — de Sinop pro Brasil agro."
AGRO;Agro — Hero;9.17;sub;"Filial dedicada ao agronegócio, instalada em Sinop/MT, com engenheiros que falam a língua do produtor. Totens autônomos, unidades móveis de monitoramento e IA treinada para o cenário rural — fazenda, silo, balança, portaria."
AGRO;Agro — Hero;9.18;cta-primary;"Agendar visita à fazenda →"
AGRO;Agro — Hero;9.19;cta-secondary;"Ver soluções"
AGRO;Agro — Hero;9.20;stat;"~140k ha sob monitoramento — clientes ativos em MT"
AGRO;Agro — Hero;9.21;stat;"60 km alcance câmeras — com link de dados"
AGRO;Agro — Hero;9.22;stat;"24/7 operação remota — no NOC de Curitiba"
AGRO;Agro — Hero;9.23;stat;"Sinop base operacional — no coração do agro"
AGRO;Agro — Manifesto;9.24;kicker;"POR QUE UMA FILIAL · SÓ PRO AGRO"
AGRO;Agro — Manifesto;9.25;heading;"Fazenda não é prédio com câmera. É terra, vento, poeira, rede instável e gente prática."
AGRO;Agro — Manifesto;9.26;body;"ESI Agro nasceu pra entender isso — em Sinop, no chão do produtor. Não é um escritório que vende solução de prateleira. É engenheiro de bota no barro que sabe a diferença entre porteira de gado e portaria de condomínio. A gente instala, configura e mantém onde a internet cai, onde a poeira entope, onde o sol derrete."
AGRO;Agro — Soluções;9.27;kicker;"TRÊS SOLUÇÕES · FEITAS PRA FAZENDA"
AGRO;Agro — Soluções;9.28;heading;"Você escolhe pelo problema. A gente entrega rodando."
AGRO;Agro — Soluções;9.29;card-kicker;"VIGILÂNCIA AUTÔNOMA, SEM OBRA CIVIL"
AGRO;Agro — Soluções;9.30;card-titulo;"Totem ESI Agro"
AGRO;Agro — Soluções;9.31;card-descricao;"Torre solar de 4,5m com câmeras IA, alto-falante, gravação local e 4G/satélite. Você posiciona em qualquer lugar da fazenda em 1 dia — porteira, balança, silo, currais."
AGRO;Agro — Soluções;9.32;card-feature;"Câmeras PTZ + bullet IA, visão 360°"
AGRO;Agro — Soluções;9.33;card-feature;"Painel solar 400W + bateria 48h"
AGRO;Agro — Soluções;9.34;card-feature;"Gravação local + sync com NOC"
AGRO;Agro — Soluções;9.35;card-feature;"Áudio bidirecional pra abordagem remota"
AGRO;Agro — Soluções;9.36;card-metric;"→ Instala em 1 dia · move quando precisar"
AGRO;Agro — Soluções;9.37;card-kicker;"NOC SOBRE RODAS — CHEGA NA FAZENDA"
AGRO;Agro — Soluções;9.38;card-titulo;"Unidade Móvel de Monitoramento"
AGRO;Agro — Soluções;9.39;card-descricao;"Veículo equipado com torre telescópica, banco de câmeras, mesa de operação e link satelital. Cobre eventos de safra, embarque de gado, plantio noturno, abertura de pasto."
AGRO;Agro — Soluções;9.40;card-feature;"Torre 8m com câmeras térmicas e PTZ"
AGRO;Agro — Soluções;9.41;card-feature;"Operador embarcado + link Starlink"
AGRO;Agro — Soluções;9.42;card-feature;"Conecta ao NOC de Curitiba ao vivo"
AGRO;Agro — Soluções;9.43;card-feature;"Bivolt + grupo gerador silencioso"
AGRO;Agro — Soluções;9.44;card-metric;"→ Mobilizável em 24h pra qualquer fazenda do Brasil"
AGRO;Agro — Soluções;9.45;card-kicker;"VISÃO COMPUTACIONAL TREINADA PRO CENÁRIO RURAL"
AGRO;Agro — Soluções;9.46;card-titulo;"IA Agro + Integra"
AGRO;Agro — Soluções;9.47;card-descricao;"Detectores específicos: gado fora de cerca, invasão de pasto, leitura de placa de caminhão na portaria, contagem de carga em balança, perímetro de silo. Tudo dentro do Integra — uma tela só."
AGRO;Agro — Soluções;9.48;card-feature;"Reconhecimento de gado (cabeça/quartel)"
AGRO;Agro — Soluções;9.49;card-feature;"OCR de placa em poeira e contraluz"
AGRO;Agro — Soluções;9.50;card-feature;"Cerca virtual com alerta no celular do gerente"
AGRO;Agro — Soluções;9.51;card-feature;"Integração com balança, ERP rural e WhatsApp"
AGRO;Agro — Soluções;9.52;card-metric;"→ Modelos treinados com vídeo real de fazenda no MT"
AGRO;Agro — Cases;9.53;kicker;"ONDE ESTAMOS · CASES REAIS"
AGRO;Agro — Cases;9.54;heading;"Já estamos em centenas de milhares de hectares."
AGRO;Agro — Cases;9.55;case-local;"SORRISO · MT | Soja & milho"
AGRO;Agro — Cases;9.56;case-titulo;"Monitoramento térmico em 42 mil hectares"
AGRO;Agro — Cases;9.57;case-descricao;"Câmeras térmicas e IA embarcada · cobertura total · safras 22/23, 23/24, 24/25."
AGRO;Agro — Cases;9.58;case-kpi;"42k ha cobertos, 24/7 monitoramento, 60km alcance"
AGRO;Agro — Cases;9.59;case-local;"SINOP · MT | Pecuária + grãos"
AGRO;Agro — Cases;9.60;case-titulo;"6 totens autônomos em fazenda mista"
AGRO;Agro — Cases;9.61;case-descricao;"Monitoramento de balança, currais e portaria 24h sem operador local."
AGRO;Agro — Cases;9.62;case-kpi;"6 totens, 1 dia instalação cada, 0 furtos pós-instalação"
AGRO;Agro — Cases;9.63;case-local;"LUCAS DO RIO VERDE · MT | Algodão"
AGRO;Agro — Cases;9.64;case-titulo;"IA conta caminhões e lê placas na balança"
AGRO;Agro — Cases;9.65;case-descricao;"Integração com ERP da usina · auditoria automática de pesagem."
AGRO;Agro — Cases;9.66;case-kpi;"+98% acertos OCR, ~3s por veículo, 24/7 operação"
AGRO;Agro — CTA/Contato;9.67;kicker;"ESI AGRO · SINOP · MT"
AGRO;Agro — CTA/Contato;9.68;heading;"Da porteira ao silo, a ESI fica no campo."
AGRO;Agro — CTA/Contato;9.69;body;"Marque uma visita técnica. Nossos engenheiros vão até a sua fazenda — sem custo, sem compromisso."
AGRO;Agro — CTA/Contato;9.70;escritorio-kicker;"FILIAL AGRO"
AGRO;Agro — CTA/Contato;9.71;escritorio-cidade;"Sinop · MT"
AGRO;Agro — CTA/Contato;9.72;escritorio-endereco;"Av. das Itaúbas · Centro"
AGRO;Agro — CTA/Contato;9.73;escritorio-cobertura;"Atendimento: MT · GO · MS · BA · TO"
AGRO;Agro — CTA/Contato;9.74;escritorio-telefone;"(66) 0000-0000"
AGRO;Agro — CTA/Contato;9.75;cta-button;"Agendar visita técnica →"
AGRO;Agro — Footer;9.76;copyright;"© Grupo ESI · Filial Agro Sinop MT"
